image,xmin,xmax,ymin,ymax,height,width
cju0qkwl35piu0993l0dewei2,38,430,5,338,529,622
cju0qoxqj9q6s0835b43399p4,194,913,284,1049,1070,1348
cju0qx73cjw570799j4n5cjze,187,543,14,526,529,619
cju0roawvklrq0799vmjorwfv,486,622,42,339,528,622
cju0rx1idathl0835detmsp84,292,481,154,375,528,617
cju0s2a9ekvms080138tjjpxr,379,626,57,431,547,626
cju0s690hkp960855tjuaqvv0,223,336,285,434,530,621
cju0sr5ghl0nd08789uzf1raf,393,730,178,488,1019,1214
cju0sxqiclckk08551ycbwhno,400,543,278,416,531,570
cju0t4oil7vzk099370nun5h9,203,573,115,526,530,622
cju0tl3uz8blh0993wxvn7ly3,314,370,386,435,529,622
cju0u2g7pmnux0801vkk47ivj,0,367,152,530,530,611
cju0u82z3cuma0835wlxrnrjv,293,609,90,531,546,626
cju5k7r0yf98c09878csbxb4d,228,321,40,134,528,622
cju5klveuff6w0871wbibgh3m,185,308,228,350,530,574
cju5knbbqfipk080128cggukq,194,595,68,524,529,597
cju5kre09fhka0850h7b1898j,317,454,104,317,528,618
cju5ktjwofed70817eg58ef7u,259,496,125,355,547,625
cju5nxkujgscq0817l9gss626,117,467,272,531,531,570
cju5nyu31gv8e0871zpk74a2n,349,505,207,341,529,616
cju5o1vu9gz8a0818eyy92bns,0,199,198,498,547,421
cju5o4pk9h0720755lgp9jq8m,350,622,132,515,530,622
cju5tenjojp1j0755ms4949h2,44,334,143,434,531,570
cju5tgbzhjllu08174ca41eus,144,459,97,268,531,622
cju5thdbrjp1108715xdfx356,279,384,331,433,530,622
cju5u4pywk81x0817vn9pe14z,363,484,265,401,531,570
cju5u8gz4kj5b07552e2wpkwp,168,553,2,375,531,571
cju5udcufki0s09874ll1dbr5,225,519,268,513,531,570
cju5ufn3skquf0818dhapnhba,236,348,243,373,530,570
cju5uget8krjy0818kvywd0zu,284,455,211,314,529,608
cju5uhrdwkmsu0817ervv91l8,401,494,134,224,547,626
cju5ukkg6kv7u08011x2b6zl5,118,402,222,464,510,622
cju5uxjnol2r509871qv2yeia,313,483,62,285,531,620
cju5uzmaol56l0817flxh4w9p,318,441,213,342,529,623
cju5v8pgplg6k0755rvi2t63h,256,403,231,382,530,570
cju5vbo6jldrt0871jf6f1700,471,606,143,376,530,619
cju5vcmrqla7i0817x4sp4pqw,284,450,110,267,482,612
cju5vgawslbe30987ndeepc1b,247,603,96,463,530,622
cju5vi4nxlc530817uoqm2m7a,231,555,83,425,530,619
cju5vutu7ll8w0871dfp92n9p,134,390,104,362,528,605
cju5vwbr4lhqn0987a1pji0ux,78,243,288,515,530,570
cju5vxuc5loxw0818u8xgf45p,279,483,155,408,546,626
cju5vzjoslpj708186z2fusmz,386,530,169,329,496,622
cju5w7xn0lrkq0801f9k0htgx,204,383,207,440,530,622
cju5waeduln160817w0agirve,196,381,249,432,528,540
cju5wcc90lu020850mjrxppv6,310,515,175,443,547,626
cju5wi6bqlxy90755bu227nvb,220,402,129,348,530,622
cju5wj0faly5008187n6530af,173,344,179,398,530,570
cju5wkonqlrl409877y8zvnub,308,595,119,413,547,627
cju5wmvsdlx1j0871npgj8j4b,177,347,234,349,530,616
cju5woy82m07m08505dmjg7g1,448,981,439,1039,1070,1348
cju5wphwwlu3m0987hh3ltg88,385,523,329,506,531,618
cju0ue769mxii08019zqgdbxn,182,342,83,240,547,626
cju160wshltz10993i1gmqxbe,422,513,258,383,530,607
cju17v6ih0u7808783zcbg1jy,25,361,0,445,528,622
cju1b0y2e396p08558ois175d,248,380,145,308,546,626
cju1cj3f0qi5n0993ut8f49rj,51,364,204,530,530,616
cju1dia8hvc6v098827mgffnm,334,464,263,403,528,616
cju1f15k3w4ct0835cmde6ypo,257,491,242,492,547,572
cju1fyb1d69et0878muzdak9u,209,369,116,397,528,622
cju1hs0za7jha0855vj0mdrjt,185,431,183,465,531,571
cju2i03ptvkiu0799xbbd4det,292,459,125,368,528,600
cju2ma647l0nj0993ot4deq2q,288,459,169,388,547,621
cju2okvco06xc0799kxe5n1qh,130,554,84,420,530,577
cju2pmhtr17a00855cvpelzb0,319,534,279,496,530,622
cju5wrapcm2290818jsh26ppb,264,468,135,347,528,622
cju5wrrs0m2af0818vmnajbtw,334,433,307,419,547,626
cju5wtdu4m0im0871mix0yvc0,359,530,47,306,509,610
cju5wuhm1lwm40987vugqn3vv,321,521,145,335,530,613
cju5x00l6m5j608503k78ptee,46,408,81,488,529,554
cju5x15djm7ae0755h8czf6nt,315,505,35,276,531,622
cju5x28nzm7t907558ocq4bt7,211,468,34,297,546,597
cju5x7iskmad90818frchyfwd,0,250,149,453,483,522
cju5xjn5mm78b09871spyqhhr,301,564,17,317,528,622
cju5xkwzxmf0z0818gk4xabdm,87,400,155,456,505,609
cju5xneamme2p0801qdf7fdwv,131,306,71,221,527,622
cju5xopi0md7q0871r1sjc1av,381,568,166,411,546,568
cju5xq3tdm9fn0987pbedxdg5,297,473,291,429,529,570
cju0vtox5ain6099360pu62rp,144,300,99,244,531,622
cju13cgqmnhwn0988yrainhcp,236,456,263,523,546,626
cju13fwthn9mq0835gacxgy01,346,615,14,261,529,623
cju13hp5rnbjx0835bf0jowgx,0,219,91,321,531,622
cju14g8o4xui30878gkgbrvqj,440,544,156,272,531,622
cju14hjh2ob2o0835ouz3r5aa,360,597,247,501,546,609
cju14pxbaoksp0835qzorx6g6,143,349,8,163,530,622
cju15czxqp3lv0835jvhgzurz,30,435,92,489,547,620
cju15jr8jz8sb0855ukmkswkz,193,540,0,375,528,594
cju15l5ubz9yh0855b3ivdpse,182,326,199,321,547,626
cju15mhjczc8z0801kit5c6di,344,604,36,285,546,624
cju15ptjtppz40988odsm9azx,355,555,140,295,529,622
cju15wdt3zla10801odjiw7sy,303,564,239,529,529,622
cju6yxyt0wh080871sqpepu47,269,413,131,370,528,616
cju6yywx1whbb0871ksgfgf9f,299,504,73,255,530,622
cju6z1bzbwfq50817b2alatvr,197,626,125,547,547,626
cju6z2616wqbk07555bvnuyr1,268,435,265,485,531,554
cju6z600qwh4z081700qimgl9,394,529,276,432,530,612
cju6z7e4bwgdd0987ogkzq9kt,307,587,212,504,528,623
cju6z9a9kwsl007552s49rx6i,293,353,224,281,528,622
cju76erapykj30871x5eaxh4q,336,613,90,435,529,621
cju76l27oyrw907551ri2a7fl,146,367,113,441,480,396
cju76lsehyia10987u54vn8rb,342,496,145,328,546,622
cju76o55nymqd0871h31sph9w,187,230,63,129,529,600
cju77196iyshb0850ycbto50a,253,610,11,364,529,622
cju772304yw5t0818vbw8kkjf,343,494,146,329,546,622
cju5y7buemcw80987p0r30g9f,21,312,179,435,530,589
cju5y84q3mdv50817eyp82xf3,314,440,230,356,530,611
cju5yclrymlgj0818k426ud6z,359,516,94,341,529,622
cju5yeqiwmkgl0801fzv2douc,238,496,0,277,531,570
cju5ygh1zmmdi0755uod5e17i,239,451,211,495,530,570
cju5yhgznmkzb0801cji2vi8j,285,371,139,277,529,568
cju5yimthmlv80850zhoc90c2,180,347,317,449,528,590
cju5yjq1pmlgc0801z0t24bly,245,459,228,515,530,570
cju5ymyd8mmdc0801ry3by1xr,508,611,211,376,528,622
cju6ur9l9v9jq0755paud9uka,216,326,183,306,529,561
cju6us80mv1b50871ebyq2wxa,435,491,164,258,530,562
cju6ut4l8va6y0755tyw3vfqq,338,450,293,396,529,605
cju6uy20suzbl0987rzuhz7z9,208,448,145,470,546,626
cju6v1m1xv07w09870ah3njy1,202,297,42,138,530,565
cju6v3bb2v7xo085090blubyw,227,404,0,154,547,626
cju6v4szov55u0871qmqz3v8n,0,302,126,510,523,370
cju6v5ilsv8hk0850rb5sgh6o,329,453,227,342,530,622
cju6v6g6kvdw007552x6mb0po,186,460,306,530,530,570
cju6vgdmivcvb08018fra5lnv,333,553,62,374,529,571
cju6vifjlv55z0987un6y4zdo,0,519,0,528,529,622
cju6vqarjv7yo0987q4b1btk1,335,520,208,459,529,584
cju6vrs1ov8cr098788h8gs6j,259,431,202,358,529,621
cju6vta3kvazg0817qbeppjtm,255,576,54,403,528,622
cju6vucxvvlda0755j7msqnya,268,412,109,243,546,626
cju6vvb8svhed0801jjcquh5e,158,223,152,299,530,604
cju6vvxsev9y30987kespucdg,351,529,63,234,475,620
cju16ach3m1da0993r1dq3sn2,78,423,160,499,528,616
cju16b6ynq8e40988m8vx0xnj,85,175,61,148,530,571
cju16d65tzw9d0799ouslsw25,245,345,211,369,530,481
cju16fpvhzypl0799p9phnlx6,254,498,186,417,546,626
cju16jgnyzp970878melv7r25,260,505,236,463,529,560
cju16whaj0e7n0855q7b6cjkm,56,532,12,377,547,626
cju171py4qiha0835u8sl59ds,205,616,0,419,530,616
cju175facms5f0993a5tjikvt,0,438,182,488,528,621
cju17bz250pgd0799u1hqkj5u,259,441,8,274,547,626
cju17g6ykn1cs0993dww6qdi8,93,508,123,510,510,605
cju17hw9hr9c5098800fu4u8e,217,340,175,261,528,623
cju17otoe119u0799nqcbl8n1,12,515,57,510,511,519
cju17r8il13910799dr2wme2e,375,447,203,280,531,622
cju17x0j4nfc10993y31pvlgs,0,458,0,525,526,459
cju17z0qongpa0993de4boim4,330,480,270,431,529,622
cju1819curo000988pd5xcqme,244,475,272,478,529,600
cju183od81ff608017ekzif89,385,571,179,399,511,622
cju1871y11d6r0799k6cw4yze,0,224,183,421,531,480
cju18849rrsgr0988p90hkygb,156,410,122,303,528,619
cju18gzrq18zw0878wbf4ftw6,355,593,116,308,546,626
cju18ibp219ub08783i6o98g7,455,530,320,432,528,615
cju18kevfrojc0835bn90f1in,217,435,332,478,528,621
cju1alwgo30z60855fm3y23sm,304,491,63,315,529,622
cju1amqw6p8pw0993d9gc5crl,350,485,220,310,547,622
cju1aqqv02qwz0878a5cyhr67,259,453,291,486,547,626
cju1ats0y372e08011yazcsxm,166,374,0,345,528,623
cju1b3zgj3d8e0801kpolea6c,107,462,184,433,528,601
cju1b75x63ddl0799sdp0i2j3,280,415,144,366,530,549
cju1bhnfitmge0835ynls0l6b,372,607,226,389,531,622
cju1bm8063nmh07996rsjjemq,206,526,15,366,530,607
cju1brhsj3rls0855a1vgdlen,215,352,214,347,530,570
cju1c0qb4tzi308355wtsnp0y,120,581,64,461,530,622
cju1c3218411b08014g9f6gig,122,515,0,182,546,626
cju1c4fcu40hl07992b8gj0c8,291,457,199,358,546,626
cju1c6yfz42md08550zgoz3pw,99,432,0,279,530,536
cju1c8ffau5770835g0g343o8,245,367,283,428,529,622
cju1cbokpuiw70988j4lq1fpi,236,368,282,456,529,615
cju1cdxvz48hw0801i0fjwcnk,303,462,226,393,505,577
cju1cfhyg48bb0799cl5pr2jh,314,558,39,362,547,626
cju1cnnziug1l0835yh4ropyg,190,530,158,432,531,570
cju1cqc7n4gpy0855jt246k68,226,384,352,466,529,616
cju1csmlc4ht10799b8ymmghg,215,465,88,339,546,612
cju1cu1u2474n0878tt7v4tdr,462,521,101,197,531,621
cju1cvkfwqrec0993wbp1jlzm,240,384,340,474,531,622
cju1cyjb5qtie0993njqne9m3,156,625,4,457,547,626
cju1d31sp4d4k0878r3fr02ul,266,458,136,329,529,622
cju1d50a94qf50855wsowacrc,357,540,368,530,530,622
cju1d96gsv62d09881b3wecw2,267,621,0,425,528,622
cju1ddr6p4k5z08780uuuzit2,329,415,168,316,531,570
cju1dfeupuzlw0835gnxip369,202,557,405,771,1070,1348
cju1dg44i4z3w0801nyz4p6zf,250,281,352,499,528,623
cju1dhfok4mhe0878jlgrag0h,201,347,168,364,546,626
cju1djtprvd7b0988thwwrg09,394,528,274,477,529,590
cju1dnz61vfp40988e78bkjga,377,534,20,238,547,627
cju1dq3x1vgx109889c7wyirg,191,387,101,350,513,617
cju1drnhbrb9409935wi7vkhg,107,610,48,529,529,619
cju1efbr0rqxz09931z0lf4vf,349,509,100,262,529,622
cju1egh885m1l0855ci1lt37c,191,277,321,451,531,566
cju1egx9pvz2n0988eoy8jp23,299,372,344,438,529,622
cju1ejj7dvqfa0835ra184v5m,272,559,94,425,547,619
cju1erep75us208553i4ofwwe,106,418,213,516,547,613
cju1euant5l960878iqj5vvto,415,558,262,448,531,622
cju1euuc65wm00799m4sjdnnn,164,291,194,322,530,570
cju1ewnoh5z030855vpex9uzt,277,528,109,331,529,622
cju1expq45zst0855rjqwwj4m,272,598,66,442,529,622
cju1f320ewfyu0988ndz6blh5,171,477,299,513,530,571
cju1f5x1164xv08555654c24r,457,622,160,530,530,622
cju1f79yhsb5w0993txub59ol,443,514,296,366,528,623
cju1f8w0t65en0799m9oacq0q,345,532,79,358,528,622
cju1fb9236a110801yvg0fwju,24,406,67,547,547,626
cju1ffnjn6ctm08015perkg37,331,611,26,410,547,626
cju1fj6axwfp30835ukhuzhw9,279,576,8,378,547,576
cju1fjsb4sipq09931lvd8e41,201,388,370,528,530,622
cju1fm3id6gl50801r3fok20c,278,390,204,305,531,622
cju1fmsyf6gxb0801cimx2gle,265,467,316,486,531,570
cju1fr4etsmrr09933u4t4aql,228,543,166,521,521,570
cju1ftaji6isw0855108yqcse,287,529,126,350,502,562
cju1fuoa4wmc50835qfd11sp9,489,621,146,407,528,621
cju1g20bdwq6u0835e16xugcd,278,510,120,478,531,622
cju1g4nsb6ngy0799l4ezm8ab,229,434,248,440,529,568
cju1gghyjwxt80835vx0wgxw0,159,493,127,416,529,621
cju1gi7jlwyld0835cdf6g6qz,212,366,137,271,529,611
cju1gkndf6yi10801o1qnje19,35,289,203,404,528,623
cju1gv7106qd008784gk603mg,377,603,14,317,531,622
cju1h5w4wxajx0835mc954kxy,151,320,100,336,528,622
cju1h89h6xbnx08352k2790o9,178,359,227,410,531,570
cju1haab178i70799tk9z8y8x,213,406,270,483,531,525
cju1hhj6mxfp90835n3wofrap,229,328,117,300,530,622
cju1hirfi7ekp0855q0vgm9qq,253,390,222,369,529,605
cju1hmff8tkp809931jps6fbr,137,584,148,530,530,587
cju1hp9i2xu8e0988u2dazk7m,244,466,103,314,531,490
cju1hyolc7aqu0878rrkfn1lr,121,503,256,650,1070,1348
cju2hdr06v2bq0799mbm3bks1,341,621,8,415,530,621
cju2hewssldzx0835ep795xu0,345,465,201,351,530,576
cju2hfqnmhisa0993gpleeldd,244,317,231,310,530,621
cju2hgsptlfam0835o3b59h1o,268,357,263,372,528,530
cju2hjrqcvi2j0801bx1i6gxg,261,308,61,108,531,599
cju2hlm19vjjf0801o69qnber,50,274,47,322,530,570
cju2hos57llxm08359g92p6jj,350,565,130,414,529,622
cju2hqt33lmra0988fr5ijv8j,249,464,226,522,528,602
cju2htabevq9108015qjei0x7,0,300,37,415,487,332
cju2hugv9vget0799hhk7ksvg,305,391,150,232,529,613
cju2hw5gjlr5h0988so2qqres,170,454,127,421,530,621
cju2hx006vidl0799igm81vmh,337,446,152,259,528,622
cju2i3hzclw3o0988rrgh911i,67,452,144,531,531,598
cju2i6acqvo6l0799u20fift8,160,392,180,477,546,623
cju2i8br1vqtd08784u6vmcjk,202,552,279,523,531,622
cju2iatlki5u309930zmgkv6h,297,613,105,522,522,621
cju2igw4gvxds0878808qj398,0,535,0,545,546,626
cju2ij9uiic2l09933ljiv6gm,185,385,248,371,530,617
cju2lberzkdzm09938cl40pog,63,461,192,457,528,605
cju2lcyfgkf5809932fn9gucn,218,394,142,290,530,571
cju2lejzcy4pc0878c9rlonot,208,554,228,499,530,571
cju2lyynuymli0855g7fxgbhe,274,417,172,329,519,612
cju2lz8vqktne0993fuym6drw,244,418,339,498,531,613
cju2m56cryvqd0801gtn2yp8t,61,192,169,310,546,616
cju2m71z2ywwv080131bcrsd3,194,382,283,492,531,570
cju2mfjndoz700988b9lc3zeq,277,489,99,321,531,622
cju2mh8t6p07008350e01tx2a,250,403,158,334,528,588
cju2nbdpmlmcj0993s1cht0dz,172,538,169,500,530,584
cju2nd7l7z98o0799gfjvyfmw,546,1132,427,966,1070,1348
cju2nfnvxzdkd0878399axlco,64,375,168,369,546,598
cju2nguelpmlj0835rojdn097,228,483,237,524,529,591
cju2nnqrqzp580855z8mhzgd6,0,568,0,517,518,569
cju2np2k9zi3v079992ypxqkn,202,472,254,466,531,603
cju2nqapmzvk20801f9us40dx,41,245,117,362,547,626
cju2nsmwjlzyl0993jl80chvz,217,365,233,381,547,625
cju2ntxtdzlvu0799xl3j9pan,332,484,357,462,547,626
cju2nyc5f02m40801ojqbtiea,228,441,326,531,531,622
cju2oi8sq0i2y0801mektzvw8,0,1347,0,1069,1070,1348
cju2omjpeqj5a0988pjdlb8l1,20,346,135,513,530,566
cju2oo0wh0bqy0878biujeyhe,286,481,167,360,530,621
cju2oq5570avm079959o20op1,185,581,329,547,547,626
cju2osuru0ki00855txo0n3uu,100,370,33,314,528,594
cju2otvvv0l7z0855x7we8cb0,98,305,348,521,531,571
cju2ouil2mssu0993hvxsed6d,246,361,243,360,511,605
cju2p0eveqtdc0835gpi3p93i,146,372,213,459,528,622
cju2p4ddkmzxj0993p94o62av,247,428,272,466,529,592
cju2p91qir00k08350ddfif0w,348,772,385,648,1070,1348
cju2pag1f0s4r0878h52uq83s,164,309,286,445,530,570
cju2phaksnahz0993yxogjcpv,60,191,253,436,528,622
cju2pjb9v0ywn0878j5g5n69j,248,423,127,359,529,622
cju2pkwt3r8b90988v2ywq1px,80,267,134,298,530,622
cju2qdj95ru8g09886gfi9rsz,59,557,132,531,531,571
cju2qfie4rvz508357kad9z5o,152,332,82,394,529,622
cju2qh5le1ock0878oahaql7d,306,543,205,503,530,622
cju2qn2fzs1vy0988l243cvzy,203,533,210,524,547,597
cju2qozsk20cq0855ugrg3cri,370,580,184,451,546,626
cju2qqn5ys4uo0988ewrt2ip2,53,554,0,515,546,626
cju2qs32r1vys07999conmbvx,379,457,145,248,528,622
cju2qtee81yd708787bsjr75d,121,340,252,446,530,511
cju2qu37qobl50993aw7ghcfq,188,343,198,323,528,543
cju2qvuj1s9ok0835tp2k4ozh,203,592,120,530,531,605
cju2qxxko229x08786gvxxhur,80,420,12,424,530,484
cju2qz06823a40878ojcz9ccx,265,518,158,362,530,603
cju2r11x7sdgx0988o8ule0wl,308,595,222,466,528,622
cju2r6mt2om21099352pny5gw,188,528,0,388,528,608
cju2r7h21sj9608354gzks3ae,263,401,305,403,530,614
cju2r91dg2k090801bh0xzbxk,212,555,234,523,1070,1348
cju2raxlosl630988jdbfy9b0,0,556,0,527,528,557
cju2rga4psq9n09881z519xx0,310,482,211,364,529,622
cju2ricdv2iys0878sv1adh0u,0,565,0,529,530,616
cju2rkjfwoxys0993x768l1j2,40,448,111,390,401,597
cju2rlqdnoz9k0993cpjae3x0,237,509,161,464,531,592
cju2rmd2rsw9g09888hh1efu0,330,381,125,184,531,570
cju2rn0hasxri0835nfy3buay,232,357,415,525,531,622
cju2rnkt22xep0801as160g9t,298,378,181,291,454,558
cju2ro5jqsy680988pi6qsujw,253,582,138,531,531,622
cju2rpa30t07b0835im0erql0,140,310,166,414,529,621
cju2rxm8rpbaf0993o3qr2oph,330,415,215,424,531,571
cju2rz4k434s70855wwx3ddtx,217,471,150,406,530,612
cju2rzpsmtb0f0835jabkbao1,184,295,218,326,528,528
cju2s16zp317h0799gr67jqc2,28,448,57,362,531,622
cju2s2527pfyr0993l3h1149a,360,467,404,510,529,622
cju2s9g11pnra0993gn4eh793,133,617,59,530,530,622
cju2saez63gxl08559ucjq3kt,105,358,65,271,530,557
cju2sevf53lkx08558h5bpaig,265,592,139,503,547,626
cju2sggy13na70855tbeoqgha,195,478,78,520,530,559
cju2spdagu1l50835da1f46fr,127,246,208,349,525,465
cju2srvy5440s0801y1ba9akr,234,572,55,528,528,622
cju2sszfq3uye0878sucelzk2,0,621,0,526,531,622
cju2suk42469908015ngmq6f2,233,461,175,349,528,609
cju2syxa93yw40799x2iuwabz,245,345,200,291,474,602
cju2t16vuucaq0835xcpsivn2,214,409,20,173,531,622
cju2t2ivz43i10878zeg8r1br,215,328,105,249,528,607
cju2t3ibkuecr0835o7si16zv,247,381,212,341,530,613
cju2t62nq45jl0799odpufwx6,279,517,110,487,528,622
cju2t9tdwuk700835kv0ljmtl,0,275,76,364,473,605
cju2ti1du4idn0878giuozonw,293,477,221,473,530,571
cju2tjrog4jy30878pawyazqc,324,559,73,357,530,622
cju2top2ruxxy0988p1svx36g,229,519,113,444,530,570
cju2tpfa5uyx408359datxqqj,118,307,57,319,528,622
cju2tqfgw4oat0799rn0g5b2z,263,520,101,313,529,614
cju2trbpkv0c00988hxla5dzz,94,406,39,292,531,610
cju2trtjf4qjd0878a2zle9v9,218,303,276,422,528,598
cju2txjfzv60w098839dcimys,142,326,124,292,430,551
cju2tzypl4wss0799ow05oxb9,261,607,189,531,531,622
cju2u2b9o4zvp08788qb9nqxj,204,491,53,384,527,564
cju2u4pymvc720988wsxrmi84,20,295,47,524,530,541
cju2u73dj53oz0878486k8k4b,78,300,145,371,529,524
cju2ueb6j5ado0878vf5md13o,128,252,237,389,1070,1348
cju2ulk385h170799rlklxob0,213,582,0,402,528,596
cju2uokeg5jm20799xwgsyz89,122,545,183,506,530,570
cju2upu4evw7g08358guwozxv,238,404,175,318,528,616
cju2urqpwvxw70835rvndvtsi,161,299,36,135,474,626
cju2uwz9f5yf1085506cfamfx,321,1033,259,882,1011,1220
cju2uy8ox62jo0801g88hh42z,411,598,110,296,528,622
cju2uzabhs6er0993x3aaf87p,280,532,137,395,528,612
cju2wve9v7esz0878mxsdcy04,153,320,145,289,529,620
cju2wx0gh7fpz0878wwyd9ep8,301,482,236,392,529,616
cju2wxv0hxs2f09884w48v8fi,316,393,271,378,529,622
cju2wzu8wxtgu09880ku9x1pg,46,400,316,529,529,622
cju2x7vw87mu30878hye2ca0m,295,1208,486,1013,1070,1348
cju2xa3i4y0160988i679zsqd,306,467,140,443,528,619
cju2xbk0080y80801eghyddi2,198,379,40,245,529,621
cju2xd75m82720801q4s4ik3n,412,875,293,709,1011,1220
cju2xf8e5y2wm08359vcgk09b,248,571,125,526,530,571
cju2xjz2ju8pe0993ysv9wg17,133,399,216,488,530,593
cju2xlcqxy9c60988vjacdznb,158,537,0,267,529,621
cju2xs6na81t20878pt6nkfip,225,542,163,515,531,570
cju2xwm1s84l50799i60mq0pu,387,550,0,145,547,626
cju2y0z6g87p10878fpk5d3rq,92,423,56,358,530,554
cju2y26c588bo07993ksd8eoz,355,538,338,527,530,621
cju2y40d8ulqo0993q0adtgtb,160,412,172,404,529,617
cju2y5zas8m7f0801d34g5owq,406,563,0,157,479,586
cju2y8s56ymqr083541ggdsml,327,500,217,474,530,615
cju2yb31a8e8u0878wdashg7o,328,583,135,435,531,621
cju2ycp1u8g2r0799jslnp7cz,256,462,117,365,531,617
cju2yg5ht8i4p087800js8hp4,311,529,47,422,546,626
cju2yi9tz8vky0801yqip0xyl,38,344,0,385,528,616
cju2yljr0yzhw0988ecf271ly,197,880,101,678,1009,1220
cju2yo1j1v0qz09934o0e683p,282,626,95,546,546,626
cju2ysg748ru80878sp6j0gm0,96,408,80,547,547,572
cju2yv4imv6cz099314jveiib,251,489,322,519,529,621
cju2yyhsp933j0855hp32e012,371,584,62,379,435,593
cju2z1nxlzaj40835wj81s1iy,125,427,56,409,531,622
cju2z2x3nvd3c099350zgty7w,215,344,107,307,530,553
cju2z45kuzf6d0988nz2c819m,182,283,205,338,529,562
cju2z6ez69g4u0801qwt088lw,76,386,0,442,538,626
cju2z9vlp9j0w0801oag91sy9,112,329,225,411,531,622
cju2zblxw9848087853csbrx1,281,461,126,359,530,586
cju2zdhsczmn50988z64qwg2q,118,247,93,209,530,598
cju2zdvjn9h7r08553cp4eed5,39,159,153,270,415,401
cju2zgbj9zmrw0835nnlzxj4c,76,498,58,438,528,623
cju2zi4l09f5807991s8do2b2,178,426,90,265,530,622
cju2zjcvj9qma0801dk71hhi0,209,501,29,486,528,622
cju2zkpdl9h7t0799ix60teqg,308,419,108,295,528,611
cju2rqo702wpx0855fn7d5cxh,331,448,187,302,529,621
cju2sxf3iqbpv09937iksn8ep,59,363,72,352,529,622
cju2tvrvm53ws0801a0jfjdxg,0,381,62,213,531,568
cju2wtwj87kys0855kx6mddzw,32,467,0,546,547,626
cju2xyd9vyi7m098831qcucse,192,440,56,458,528,622
cju2yw4s7z7p20988lmf2gdgd,413,570,92,287,530,571
cju2zm0axztpe0988r8s9twjr,235,392,9,225,528,623
cju30ajhw09sx0988qyahx9s8,338,622,37,475,530,622
cju30xqmh0ni00835ix3batv1,56,352,118,482,529,622
cju32a52lb9rc0799xi40qs00,197,552,150,520,529,621
cju334jzo261t0835yqudnfs1,335,623,94,404,528,623
cju34c1xfyz920993itxkkfad,81,421,146,496,508,570
cju3518w2d838079939fqztbc,187,516,244,529,529,623
cju2zo0fwzv580988qlijd2xa,469,556,106,240,530,616
cju2zp89k9q1g0855k1x0f1xa,320,437,243,350,530,622
cju2zpw4q9vzr0801p0lysjdl,236,339,150,284,546,605
cju2zr3c3vwb00993jn06bbaz,221,366,263,415,531,575
cju2zrojo9kcd0878ld2epejq,368,481,41,230,531,621
cju2zwg05a0oy0801yr73ig7g,399,565,92,410,531,599
cju2zxja9w1eh09933609ho9z,314,429,245,390,530,584
cju2zy1e49pqk0878t6ncqn12,353,493,364,476,529,622
cju300m3s04fg0988uzupuf7z,58,405,0,213,529,622
cju302fqq9spc0878rrygyzzz,50,302,6,355,528,592
cju303j5r062k098835zxfds5,189,404,118,298,546,626
cju30525w04r10835ygp257sb,274,522,263,441,530,622
cju306x7w05nb0835cunv799x,113,386,27,286,546,626
cju30bmab08bi0835mvlr6e0r,144,376,92,278,530,622
cju30df2j09dd08351ayx2t6w,165,390,197,445,530,622
cju30ftgja7170855xl9bkdm0,169,524,49,460,531,595
cju30gxjq0djk0988jytm49rs,337,524,154,353,530,622
cju30ia8da2bq0799klnehml2,0,570,0,530,531,571
cju30j1rgadut0801vuyrsnt8,182,274,172,290,530,570
cju30k2z40ds308353kdew70n,202,389,246,448,528,618
cju30lncba3ny0878jwnous8n,198,388,83,252,530,570
cju30mm25a53s0799qa5wiqe8,282,407,333,417,529,622
cju30nyxe0gfb0835p256yoju,100,610,0,446,530,622
cju30ov1oah920801mi8thuyg,423,510,82,221,530,571
cju30qbm1ad3x0855znuhpz9u,73,431,155,529,529,622
cju30u1hbakn808019g15nb8b,174,337,206,384,528,510
cju30ywtc0oar0835bp2en7ec,74,602,380,891,1062,1348
cju310f6val1v0855xo8tc3gu,30,596,0,455,531,622
cju3128yi0rpu0988o4oo5n8n,369,490,233,390,531,622
cju31rb7vb6110801p9rhacuw,329,475,120,290,530,622
cju31t8xd17bk0835rnb893jk,408,446,344,370,529,622
cju31ugmfb3dz0855xtqshki6,203,405,132,310,544,612
cju31w6goazci0799n014ly1q,19,214,85,408,547,627
cju31y80qbawn0801twwm2l5s,177,461,136,418,495,569
cju320gyvbch60801v2amdi2g,241,563,23,398,503,616
cju323ypb1fbb0988gx5rzudb,0,495,0,529,530,604
cju324q101fhe08350wae9cif,149,313,23,303,530,618
cju326h4v1gxw08352px40p7r,78,510,96,528,528,616
cju3280wv1ir009882jze27tc,164,412,200,441,530,571
cju32csyfblyh080170aa3x5p,191,440,198,409,547,626
cju32fhnhbds40799broyoptc,287,407,128,321,530,621
cju32gzs6xo8x0993r8tedbpb,0,169,59,367,547,626
cju32jcdabepz0878d0cznmfe,319,549,115,390,530,622
cju32l161bi1v07990vm376in,541,622,220,378,529,622
cju32phw2bv130801yj7bkouq,0,596,0,521,547,626
cju32pzh9bpw10855q4vaxfhe,242,397,64,230,546,621
cju32qr9tbvsj08013pkpjenq,249,420,118,314,546,615
cju32srle1xfq083575i3fl75,371,557,125,293,547,626
cju32upim1z7u0988l883nqp6,210,443,112,339,479,570
cju32zhbnc1oy0801iyv1ix6p,299,616,43,480,531,622
cju330ofbc2l30801th5g3hw6,316,437,330,458,529,495
cju33231uy4gi0993qc7b1jch,302,494,153,373,529,622
cju336l68y7if0993wf092166,134,505,181,478,530,583
cju3381d8bz3h07991xtl7ra0,174,311,130,291,528,567
cju33belnbyhm0878yxl42233,178,318,114,258,528,613
cju33eqwbcch208012jikwdky,255,578,282,535,547,626
cju33jon3ygbj0993pu22a4k6,234,415,395,523,547,626
cju33mirdc8mj0799k33wzoes,249,550,204,490,547,626
cju33o12x2jm50988944mxq0v,283,398,242,368,530,622
cju33qpdvc9g0087825jhf3s9,114,250,258,405,531,622
cju33w4sdcivk0855x879zht7,238,402,128,378,547,617
cju33x0f22peh0988g0ln7w5v,282,391,201,306,528,597
cju33yemn2qb20988wfjxximx,251,446,277,400,511,622
cju33za6l2qy70988jhrlp2ev,78,182,58,327,546,626
cju34aozyyy830993bn16u32n,163,465,19,490,530,609
cju34ds2531520988qjpqt6e3,169,460,43,397,531,617
cju34eqjpcpm508788b3lhp97,323,491,199,429,531,557
cju34fojcctcf0799ebolbvkn,443,540,88,234,547,626
cju34i3qvcyog0855qiejxx5w,137,503,16,435,529,622
cju34m7h536wq0988xz7gx79v,110,451,296,531,531,617
cju34o6dbd2lo0855aqlcy1hs,303,465,0,112,476,623
cju34ouumcznz07996gg1xq7v,159,443,146,427,547,626
cju34repocy5208780gswillm,45,458,281,529,529,622
cju34sh43d8zm08019xbwhc0o,105,332,206,492,530,620
cju34uhepd3dd0799hs8782ad,268,369,152,278,546,626
cju34xspwzenf0993cyzajv9n,224,496,94,361,547,626
cju34ymm8d6700799uop0cw33,194,371,346,492,531,621
cju34zivp3fq80988opxbaqyn,204,367,130,310,528,580
cju3521y5d5mq0878t3ezsu4p,285,440,143,342,530,622
cju353d1eda8c07992afde611,447,622,71,274,528,622
cju35740hzm0g0993zl5ic246,283,387,298,471,474,557
cju357rxxdaz30878y2esjpjt,246,368,28,142,531,558
cju358pwtdby20878cg7nm0np,114,234,162,327,528,581
cju35a77vdj4n08556jj2lgmc,103,419,164,529,530,570
cju35atpxdjot0855q46aqrd0,110,323,0,164,546,626
cju35c4wzdhow0799h6eq4sgs,298,599,286,531,531,599
cju35eg0tdmjt085525sb4bua,321,502,203,397,528,599
cju35fxqyzt5p0993vusm54qz,171,392,167,511,531,613
cju35i2e63uxr0835h7zgkg9k,237,445,97,507,531,614
cju35k2fr3vc50988c85qkrwg,355,477,192,289,530,570
cju35ldepdtlm0801yv79y8vu,102,256,51,208,547,626
cju35oyvd3y850988km12hdz1,48,278,163,333,506,590
cju3tp94kfstl08181awh6z49,1,553,11,512,530,593
cju3tsh4lfsok0987w6x3a0v1,47,594,0,365,530,622
cju3ttznuftyf09875t11850w,282,534,238,421,547,626
cju3tvffffx5f0818t5ov22al,93,396,10,322,530,622
cju3tx1qyg0c907552fglumhc,188,418,0,151,529,622
cju3u1c8tfyqx08503iedc3mx,7,458,166,315,528,622
cju3u39fog1bo0871lxjrabks,376,825,0,307,1010,1205
cju3u4lxmg59o0755rz42b9en,254,473,235,528,528,622
cju3u815rg4ek0850vvhtcvcm,14,590,81,418,546,595
cju3ua8u0g9rg0801uayhdxhu,211,469,223,467,530,622
cju3uhb79gcgr0871orbrbi3x,413,465,46,100,531,622
cju3ul8dogf1z09872y2ecowp,391,506,175,361,531,609
cju3uwz6ogsp10801h2r3bj5l,102,347,241,401,531,622
cju3uz4o6gr9z0850lhxyxvsj,309,899,151,792,1070,1348
cju3v0fl3gwce0755qkjhzmd4,250,576,141,449,530,621
cju3v11mrgwwb0755u242ygye,223,454,266,407,530,622
cju3v3ac9gyz30755hfqwyp1i,243,407,33,237,530,578
cju3v56bwgy8v0871w14pz8fx,145,371,35,206,531,570
cju3v664kh0px0818y4y7wolf,350,499,138,320,531,621
cju3v72v5h1qz0818fggilwtq,174,314,274,389,529,622
cju3wstckialg0871xs0vevsj,89,489,18,346,529,564
cju3x2s11ibzi0817kk284k0j,60,304,199,447,530,622
cju3x4blzieu30850x10uuvbm,712,844,22,165,1011,1210
cju3x5u2tiihx0818914gzxy1,201,499,211,530,530,622
cju3x7xsaijq80818f0psavav,229,458,258,481,531,590
cju3xeexgii1j0817zs68tb4g,113,613,57,416,528,622
cju3xga12iixg0817dijbvjxw,0,419,6,338,530,622
cju3xhpvvimda0987ygrpzni2,312,505,93,317,530,622
cju3xiic0ilzp0850lusrb42j,194,350,164,242,530,571
cju3xjqtpikx50817tppy6g84,315,609,170,418,530,622
cju3xl264ingx0850rcf0rshj,387,605,131,347,531,622
cju3xtufwiv9c0818djsc4cqd,258,412,241,410,530,615
cju3xuj20ivgp0818mij8bjrd,248,370,131,236,527,622
cju3xvoo2iqlc0817eku2r3wl,319,446,318,438,530,446
cju3xwpgviwlx0871rwm15q7v,257,442,261,435,547,626
cju3xzvnzj0hd0755xprz39nj,267,625,1,413,513,625
cju3y0pjrj1c30755nxekxccj,335,458,104,244,531,570
cju3y21quj0ir0818kgjagr15,93,498,17,445,546,626
cju3y79ofj3va0871uqfb1mzo,203,457,92,352,530,598
cju3y9difj6th0801kd1rqm3w,381,597,322,529,529,597
cju3ya7goj6at0818v2l5ay7f,274,357,141,252,547,626
cju3yb47cj1xq0817zfotbni4,199,462,263,496,547,626
cju3yht87j83m08507yk1u1fg,31,450,45,530,530,570
cju3ykamdj9u208503pygyuc8,626,732,327,455,1010,1220
cju40jl7skiuo0817p0smlgg8,131,565,124,500,506,601
cju40m0rjkpw80871z6n6yg1u,366,450,1,34,528,586
cju40poe4kt9s0755f9cnm3h5,418,1160,311,987,1070,1348
cju40r6jrksyk0871wg98zgho,232,496,197,473,528,622
cju40sdwukv3k0755y99ug1k8,197,397,215,463,528,615
cju40taxlkrho0987smigg0x0,139,340,165,334,393,622
cju40u30gkuzc0871rq7t666d,266,455,53,225,546,626
cju40wto5kxwi0755it190f2k,456,893,756,996,1070,1348
cju410dnfl0960755y8lu8d79,17,358,72,494,546,626
cju412uwlkva50850d1ps1ww7,40,477,63,517,547,616
cju414lf2l1lt0801rl3hjllj,129,272,107,209,528,610
cju418rckl3ur08012psrx1r1,326,571,119,362,530,622
cju41kd7yl4nm0850gil5qqwh,261,395,165,381,531,535
cju41lojblbs307555jdci937,241,395,148,318,547,626
cju41nz76lcxu0755cya2qefx,90,444,129,361,514,586
cju41p90plcsx08018cnzpndc,221,308,308,441,529,622
cju41r6v2lcww0871ps8k8pf5,72,319,137,475,529,594
cju41s6nbleqy0755e2mslg0b,241,433,114,297,530,561
cju41z76wlgbz0801qdetlvby,127,347,143,297,421,592
cju422cm8lfxn0818ojicxejb,147,376,346,531,531,571
cju426tomlhll0818fc0i7nvh,365,521,184,340,528,611
cju428k5fldt108177s6g6f45,44,332,7,342,530,622
cju42dwedlmk60871jbgu4ehi,165,432,196,506,531,621
cju42g865lorv07552ytz6xxa,54,369,14,319,527,599
cju42m60jlpcm08186kqppzqv,481,626,83,413,547,626
cju42nm68lpyo0818xvvqmupq,73,266,30,375,530,504
cju42py9mlqyd0818u3d1d7ga,373,532,157,433,433,545
cju42qet0lsq90871e50xbnuv,227,388,83,282,531,598
cju42romflni20817etb9a0fl,159,362,172,391,528,622
cju42tauqlo5p08171l3cuo4b,125,279,205,384,547,627
cju42u5bjlvi10801dc13sskp,108,365,213,397,528,541
cju42wamblrqn098798r2yyok,221,572,240,547,547,621
cju42xpi8lw4w0871ve317a1p,187,337,187,383,530,465
cju439oazm2fu0871ma0vvrft,154,578,147,505,531,622
cju43b8daly4408170e5ev06g,130,416,152,492,531,600
cju43c92lm5cj0755lorsorfg,318,423,54,189,529,591
cju43eigtm6ev0801mv0m96t1,59,592,0,370,528,619
cju43gfosm63n08714rpih8pe,229,549,54,404,530,622
cju43h43am1dy08176gwfhmnt,248,360,165,279,530,594
cju43in5fm22c08175rxziqrk,345,616,98,529,530,616
cju43jcqim2cp08172dvjvyui,379,489,259,387,547,626
cju43kj2pm34f0850l28ahpni,411,480,249,329,528,622
cju43lcnum9y10755bjs7z87f,235,358,210,345,528,590
cju43mkj9m8wb0871qiadahub,108,302,123,357,547,626
cju43o6n7m9nk087191ijwqq9,383,541,59,305,530,618
cju45jpvfn6c809873pv1i34s,119,332,112,365,530,593
cju3umoh1geet0817cmpef5am,190,407,303,531,531,599
cju3x9lttikfb0818a0g104zn,241,380,92,303,530,622
cju3y54kwj3nr0801biidlb4e,0,619,0,545,546,620
cju40w3hbkwpn08015rbs3wko,478,619,50,284,528,621
cju424hy5lckr085073fva1ok,212,435,248,442,530,576
cju430pm2lz0y0755jkhcc3d1,384,618,29,491,547,626
cju45lbgznahl08180xz1h7u6,131,343,118,315,527,622
cju5bj926aiec07559rshy4wa,368,468,270,446,529,612
cju5clr68b48r0755cmuvponm,154,369,164,330,526,601
cju5fi0yxd3ei0801v7u0yudn,322,410,151,268,547,626
cju5k503sfa5f0871lx0rpu5y,397,618,124,480,529,622
cju5u6wf0kh1t0755bg1ssixv,84,539,43,460,530,571
cju5von04litr08718j8po40a,421,540,111,396,530,622
cju45n0oxn5vu08500yfrt9jn,372,570,251,505,530,622
cju45ofd9ne1j0801ri8dup7t,0,544,0,529,530,622
cju45pm27n80u08174kyow1gj,337,611,249,520,547,626
cju45qbf3n9sa0987oonbkly9,342,540,193,386,531,621
cju45rj7ln8980850a7821fov,56,152,109,223,546,585
cju45t5ddnbio0987qtqzx762,189,489,213,405,530,618
cju45ty6zn9oz0850qy4qnck1,272,471,191,423,531,551
cju45v0pungu40871acnwtmu5,90,370,83,377,530,606
cju5b9oyda4yr0850g9viziyv,267,444,207,392,528,622
cju5bbtwsa8cl0987wgfsqpao,307,503,122,343,531,595
cju5bdwa3aatx0818b79i18zf,359,538,293,478,530,622
cju5bf6hxa6m50817rbwettgu,326,520,104,320,531,622
cju5bhv81abur0850ean02atv,248,520,42,352,531,611
cju5bmhdcafs909878qfzrqzi,230,465,229,499,528,561
cju5boicjagt20871b1fotkh4,294,622,10,435,529,622
cju5buy2bal250818ipl6fqwv,70,356,73,282,430,569
cju5bwhapakm90987c1v4z46a,293,413,168,291,529,622
cju5bycdkalkb09875f7bfrvx,80,388,0,413,530,603
cju5c5xc7algd0817pb1ej5yo,222,496,124,419,528,599
cju5c7oijaqmq09878qwgqv8n,92,302,204,452,546,547
cju5ca9hcatkc0801jzwe7tfx,134,464,50,332,546,626
cju5ccpvqash50850kb4bs22k,178,409,157,419,482,592
cju5cetivauok0987ok3e5bre,237,464,209,477,529,623
cju5chrxxawka0871qcj171yz,212,432,146,427,528,601
cju5cjh3xattc0817j2vbulzi,285,420,15,140,528,617
cju5cky5xb0ay0801oxet697t,313,477,203,373,528,622
cju5cu8qkb84x08186jwo8yin,346,492,288,417,530,622
cju5ddda9bkkt0850enzwatb1,232,417,74,166,530,618
cju5eftctcdbj08712gdp989f,287,579,82,509,530,605
cju5ekty5ckzf07550c9u3ckk,252,466,183,486,546,625
cju5enq1tcn1i0755hnkon787,204,522,102,337,547,626
cju5eq8c8ck690850vix98hv3,204,575,13,365,530,622
cju5es375cnzy0801nkq35ffs,120,271,182,372,528,621
cju5ew4h9cqaf0818rrczkmqh,166,477,68,384,530,570
cju5eyfe9cpk90987laa7tsl3,153,494,60,412,530,622
cju5f0dezct4q08183ydw11dx,368,544,121,416,546,626
cju5f26ebcuai0818xlwh6116,285,476,22,218,546,598
cju5f8hxdcxxn08188obby0ea,360,569,126,447,520,615
cju5fb86jd1jp0755b1ukbhq5,0,319,0,323,424,560
cju6wi3akvn8r0801px8eligc,0,402,0,529,530,494
cju6wjm81vgsc0987enk9n3pr,81,385,179,528,528,623
cju6wll7wvo3y08502pagos8m,78,411,59,371,497,568
cju6wn57mvooj0850rp78hhy7,201,562,0,443,531,622
cju6wt9jvvn500871hjn3t3g0,235,516,98,404,530,622
cju6wuojavt740818b5qcv3iw,163,497,31,384,530,599
cju6x0yqbvxqt0755dhxislgb,243,496,0,244,530,622
cju6x35ervu2808015c7eoqe4,48,392,94,428,530,622
cju6x4t13vyw60755gtcf9ndu,354,593,49,432,529,621
cju6x97w4vwua0850x0997r0a,132,285,111,372,547,626
cju6xa0qmvzun0818xjukgncj,165,369,119,344,530,575
cju6xifswvwbo0987nibtdr50,244,573,94,531,531,618
cju6xlygpw7bs0818n691jsq4,209,549,0,435,531,570
cju6xmqd9w0250817l5kxfnsk,327,494,117,353,530,494
cju5fs6j6d8350801vglraq4u,72,415,146,450,547,626
cju5ft6mcd5q40987rhjgbrr6,204,450,210,478,530,622
cju5fu081d8gc0818l3yylujk,70,239,261,408,531,570
cju5fw37edaae0801vkwvocn7,175,371,140,343,530,559
cju5fydrud94708507vo6oy21,155,592,95,472,546,626
cju5g163vd6mt0817uccuga6u,216,382,400,543,547,545
cju5gucasds9d0801019axylx,297,379,229,346,546,626
cju5h57xedz5h0755mjpc8694,0,405,59,450,528,622
cju5hi52odyf90817prvcwg45,124,382,95,308,352,568
cju5hjxaae3i40850h5z2laf5,43,363,164,440,530,622
cju5hl8nee8a40755fm8qjj0o,339,482,226,382,531,617
cju5hqz50e7o90850e0prlpa0,136,423,119,468,528,595
cju5ht88gedbu0755xrcuddcx,150,509,28,318,547,619
cju5huurrecm70801y680y13m,284,511,273,483,520,603
cju5hwonqedw10801vsd3w6kk,196,347,95,377,531,529
cju5hyi9yegob0755ho3do8en,157,225,73,147,529,623
cju5i39mreass0817au8p22zy,94,329,96,531,546,623
cju5i5oh2efg60987ez6cpf72,248,583,84,512,528,621
cju5jx7jzf7c90871c2i9aiov,173,400,28,358,528,622
cju5jz5fff8c50871hbe6108f,149,426,97,292,530,552
cju5k3j3uf6de0817hszzfr7n,288,401,157,281,530,547
cju774fmayxif0818u2g79usw,352,536,363,529,530,622
cju7787c5yy3l080159mwqsnj,418,572,177,363,530,622
cju77afzlz3kp07550x5nafzs,0,458,0,527,528,622
cju77b3wyz4160755qis4ljsb,220,348,295,442,530,571
cju77bvg0yv4r0987yh60xmjo,220,423,120,285,546,616
cju77g99iyxc00817zqi2ppor,202,607,154,490,531,620
cju77idwfz36d0871tzfzz51i,148,510,246,486,528,605
cju77j66ez52p08019xygi0co,191,356,199,291,530,613
cju77k828z46w0871r0avuoo9,143,375,92,278,530,622
cju77q10sz9ug0801449wu1nu,294,530,0,262,528,608
cju77re6fz5bb0817vp9redjg,117,273,223,422,530,443
cju77t0razbvm080106o56289,0,440,0,527,528,570
cju77u1sjz77b0817ft44r3fk,102,298,83,337,531,622
cju783tmkzkqu081803g7q5vk,176,436,183,369,494,618
cju784jpdzeae0987q5ypq883,251,478,340,531,531,580
cju785htizjzo08017tvlhtg4,196,375,94,310,530,546
cju787jnjzjuj0871p94nck9g,332,541,1,286,546,626
cju7adqyj1jcx08712r1ro5gx,122,480,120,442,480,622
cju7ae7bq1f820987toc8si1d,192,307,101,226,530,509
cju7aez2x1jtj0871ztezs3oi,247,367,114,227,510,621
cju7afqon1ip40850ue2308b6,403,543,144,330,528,617
cju7agj961l2r0818z29iq8yn,300,455,187,368,530,622
cju7ahtkb1jr90801jck4kbds,312,519,252,544,546,602
cju7aifyo1p3n07552nxjx51f,227,376,67,243,531,622
cju7ajnbo1gvm098749rdouk0,160,537,0,270,546,626
cju7aklv31h4309871m29l4e7,190,377,189,442,529,615
cju7amjna1ly40871ugiokehb,255,458,200,485,531,552
cju7ap09p1kz10850ldccjebj,352,482,212,404,546,626
cju7apr0c1qqm0755s7msqot4,253,445,169,451,530,584
cju7aqkue1i2k09879uzcpt8r,483,610,94,312,530,621
cju7arvfe1ldu0850erdmphgj,130,425,169,430,529,622
cju7atnm31if40817pqclnjer,62,380,182,531,531,622
cju7avvi51iox0817ym55y6tt,24,589,12,472,546,626
cju7awzmu1ncs0871hziy65zx,306,464,134,344,527,592
cju7azuu31mia0801pf9ib5ed,178,348,307,504,530,605
cju7b10ce1mnm08011c5bwyr4,301,580,34,349,530,622
cju7b1ygu1msd0801hywhy0mc,357,581,22,360,530,617
cju7b2l561oas0871decgslaf,72,273,258,442,531,569
cju7b3f5h1sm40755i572jden,240,596,326,531,531,622
cju7b5afm1nfw0801xqm8bf8q,121,275,63,229,531,599
cju7b9vcs1luz0987ta60j1dy,295,516,231,492,547,626
cju7bb3ss1uoo0755pmhyco7t,79,341,128,354,529,502
cju7bc95p1mdm0817yqj5jc6j,236,420,198,425,529,622
cju7bd1qu1mx409877xjxibox,158,355,157,352,530,570
cju7bduyq1rjf08719giru9ho,247,466,221,444,508,622
cju7bf1lp1shi081835vs84lc,24,424,108,530,530,570
cju7bfx651qr80801cs7epotb,168,468,229,520,528,622
cju7bgnvb1sf808717qa799ir,141,432,48,348,528,590
cju7bmi1v1pnj0987pa52jjok,198,458,177,400,530,614
cju7cl8zm1xcu0817ado0jpas,46,455,56,434,530,570
cju7cp6dw244p0818gncdol4m,354,458,245,395,530,622
cju7cq6su27qv075574dir0r3,119,438,111,328,530,622
cju7csvlb22fr0850lvm45n3x,338,622,47,530,530,622
cju7ctvqn25dy08186g442m1r,227,481,15,331,531,622
cju7cue9b232j0801qdzk1ykj,160,363,88,266,528,613
cju7cufm7298k0755j09uf3of,157,393,174,391,531,614
cju7d1tvt25bu08019dvw3uff,27,404,191,531,531,571
cju7d2q1k27nf08715zshsckt,218,592,209,506,530,620
cju7d3oc82cho0755dajlwldz,99,352,83,397,529,622
cju7d4jk723eu0817bqz2n39m,278,490,182,461,530,615
cju7d5m0p23kn09871rk7pu3v,151,563,26,531,531,563
cju7d6ux323ze0987xos3srkx,120,536,0,438,527,621
cju7d7aut2a2p0818z4uxc6cd,321,400,311,418,530,621
cju7d7tly27h408016fyp5nr7,183,401,110,411,528,528
cju7d8m3b2e210755l8fj1yph,183,613,18,305,528,619
cju7da88w2eod0755wejzynvt,267,385,85,200,484,622
cju7db7lp2f400755tntd1ohf,270,612,24,398,522,612
cju7dbppn28nx085097654msi,219,594,78,467,546,626
cju7dda8w2br20818zhsuz8s7,145,525,122,523,530,564
cju7ddtz729960801uazp1knc,203,469,257,528,528,622
cju7deifq2fzn0755lc8idyh8,344,540,203,400,547,626
cju7dff9529h208503w60lbil,97,563,19,529,530,619
cju7dglf226g50987ohbthl19,292,621,0,307,528,621
cju7dhpsc2dnn0818025m6857,0,553,0,530,531,554
cju7dizi82h2i0755doucgnt3,124,329,177,356,529,622
cju7dlk532dsh0871zvr6qz0r,357,599,95,469,547,627
cju7dmlgf2ebw0871ieqas5fh,80,152,34,136,529,608
cju7dn24o296i09871qfxb8s2,340,623,171,455,547,626
cju7dp3dw2k4n0755zhe003ad,362,545,276,466,546,626
cju7dqcwi2dz00850gcmr2ert,285,439,339,496,528,622
cju7druhp2gp308715i6km7be,4,580,29,381,546,626
cju7dsrtb2f8i085064kwugfk,151,338,250,475,530,584
cju7dtb1e2j0t0818deq51ib3,402,622,181,528,528,622
cju7dubap2g0w0801fgl42mg9,209,546,40,370,528,623
cju7dvl5m2n4t0755hlnnjjet,344,446,150,259,530,537
cju7dwe282dc309876rco45ts,17,440,68,462,530,622
cju7dxffn2eam0817qxosfwch,385,600,0,422,546,626
cju7dymur2od30755eg8yv2ht,151,396,36,317,530,622
cju7dz5yy2i7z0801ausi7rna,270,378,204,323,529,619
cju7ea4om2l910801bohqjccy,413,558,129,338,546,626
cju7ebe962hr409872ovibahw,1,616,0,302,530,622
cju7eea9b2m0z0801ynqv1fqu,218,523,139,497,1012,1224
cju7efffp2ivf0817etg3jehl,150,569,0,509,546,626
cju7ehljc2or70871261br8ai,0,567,0,530,531,569
cju7ejm2l2ncl0801wq6y84nw,0,226,231,372,546,626
cju7ekbo32pft0871fv7kzwb9,287,408,342,444,521,571
cju7el6xv2k520817qxx9wdr5,192,569,120,439,546,626
cju7emdni2py40871ivhxjtut,190,531,1,517,529,622
cju7eotqi2qea0871y8yc7tqh,0,603,0,545,546,626
cju7epwj82koz098713apjnzo,93,283,49,221,528,622
cju7er4kc2opa0801anuxc0eb,135,446,67,323,528,622
cju7es23b2vcp0755gpbm9s7v,189,537,113,529,529,584
cju7et17a2vjk0755e743npl1,428,522,46,142,546,626
cju7etr3y2p4t0801cdzjj8ab,183,371,147,360,528,623
cju7ev2b12owa08500bpfpwyw,5,339,201,530,530,622
cju7evxt12m730987rxivne3x,133,421,60,528,528,510
cju7ey10f2rvf0871bwbi9x82,267,411,146,335,530,622
cju7ez7r22qbc08015xfoz2wb,45,518,0,324,530,612
cju7ezs7g2mxm098787atbran,391,527,180,336,530,622
cju7f0ec32txj08184asb8w5f,265,412,190,345,445,604
cju7f4sc62xqj075597xpmuoy,312,545,127,402,547,626
cju7f5ghb2r5s0801chwkxxh9,203,914,78,797,1010,1220
cju7f6cqy2ur20818t1saazbm,305,545,176,452,546,626
cju7f900s2o0k08175gl1giid,4,279,0,369,529,622
cju7f9umg2olj0987fj5y285w,252,537,119,381,529,622
cju7fazv92ywx0755xov2erga,96,480,177,528,528,605
cju7fbndk2sl608015ravktum,252,447,56,304,530,569
cju5y4hgqmk0i08180rjhbwvp,164,394,66,329,547,626
cju6uzxk0v83p0801rcwnexdu,22,387,79,547,547,626
cju6w733bveoz0817e600tw72,103,279,267,443,530,477
cju6ywm40wdbo0987pbftsvtg,291,557,86,338,528,622
cju773hsyyosz0817pk1e7sjq,365,557,84,345,530,618
cju77vvcwzcm50850lzoykuva,103,352,351,514,529,618
cju7alcgr1lsr0871riqk84z7,344,563,21,215,530,622
cju7b4mtw1n9n080186209f3d,161,303,105,246,528,600
cju7crgxa28550755wbsgqkel,156,429,117,350,504,622
cju7d9seq29zd0871nzl2uu5m,167,510,55,378,528,622
cju7do8c72dbo0801vxfzxdc4,395,522,238,395,547,626
cju7ecl9i2i060987xawjp4l0,11,439,230,529,529,622
cju7eueum2oqn0850rodmx8zo,199,389,42,220,530,562
cju2r2obh2bjm08553kng0rh7,149,397,148,384,458,474
cju35mdz73x890835eynq1h9v,183,438,158,371,529,570
cju5wqonpm0e60801z88ewmy1,356,495,204,350,528,622
cju7fcgbe2z3p07550vaflqdb,277,488,114,321,530,620
cju7fd6yt2p740987wkr8exo1,358,472,253,373,530,613
cju7fen322ou10817ziqkob4k,41,125,36,146,528,622
cju7ff97z2ow40817u2r83my5,190,320,117,221,529,622
cju7flevb2wii08188otgs9p2,0,541,0,527,528,600
cju7fmvpk2q170987v6i3ola8,51,293,103,434,531,620
cju7fnfv02tt90801djnix9m8,220,308,191,291,528,622
cju7fob3x301u0755x985pmmq,193,441,94,330,528,577
cju7fpfzq2wyf0818xxd1oziv,152,408,168,530,530,570
cju7fq7mm2pw508176uk5ugtx,90,428,0,330,506,571
cju7frtqu2xa20818wq8r9fzf,142,399,188,531,531,619
cju7g7ba42z310987bqzbi2bq,234,587,15,530,530,588
cju83h9ysjwe808716nt35oah,278,438,309,440,531,571
cju83ipu3jwpx0801z5pvguf8,200,378,387,473,529,622
cju83kxitjv340987z09m0ezy,307,471,199,327,546,626
cju83mki1jv5w0817kubxm31r,233,625,185,547,547,625
cju83nwu1jxte0987h1krpfmv,303,529,232,428,528,621
cju83qd0yjyht0817ktkfl268,0,438,78,470,531,572
cju83rcnzkbsj0755x5anfrcg,233,428,198,391,529,572
cju83syhdk6gs0801rf1rekdl,303,504,70,288,546,626
cju83u9ftk3ni0987qnhlcinv,160,468,118,476,476,576
cju83vvmik9wa08710yeh7cuk,257,418,181,377,530,570
cju83wwn1k55e0850kw6i2d81,370,549,246,438,527,622
cju83yddek68q0850d2x7zfkm,112,383,193,511,529,622
cju8402x1kcy70801t6kz6bdi,177,459,184,466,547,626
cju8418jhkf7d0818ga2v0xq0,150,542,2,500,546,626
cju8432cmkgq90871cxe4iptl,56,482,108,466,546,626
cju846ec0kj7z08012o10klrb,319,492,1,256,530,616
cju847pxykriq0755268ktrk2,154,552,0,417,531,606
cju849c23kgnk0817cgv2hw1e,75,276,187,392,531,622
cju84aoa3ktwn0755pfl4gfwd,142,613,220,547,547,626
cju84dsvaklpx098750hp83x4,44,484,74,530,530,570
cju84ffdzkrjn08183jh1fxmb,267,444,302,497,529,616
cju84gpefknwm098714oq8q61,240,501,72,329,528,622
cju84hibuktj80871u519o71q,350,501,173,352,529,622
cju84ih17kp5l09876bkooocl,359,544,163,446,531,622
cju84jdl9kv0i0871eog9b3i9,95,911,177,744,1070,1348
cju84kplnl1y30755ropua1b0,86,496,0,528,528,622
cju8567gdlcbq0801dwwyo2jt,111,487,212,530,530,570
cju857ad0l88m0817qx4cwxnf,163,396,131,399,529,623
cju85a8h8llwm07559wxg4t5w,161,304,221,409,529,622
cju85bf1algsq0871y9gtlq97,168,348,162,359,528,475
cju85c2d4ln1b0755zz1z3onx,320,398,306,381,531,599
cju85citjlnfm0755i4rk5tqj,230,329,63,178,547,623
cju85dx63lic408017f0l0400,174,307,241,338,528,595
cju85fc11ljr40818edpb0inh,219,607,131,528,528,607
cju85hguellg50818kwu3s8d1,218,622,0,407,528,622
cju85ia1slh220987y7c20sm2,330,515,136,306,528,622
cju85je7vlht70817c9jcjwi4,5,751,218,1011,1011,1220
cju85l4yjlops0801fvmnwptf,0,378,45,496,531,570
cju85mpuglq8k0818d2it6hzb,132,375,15,352,546,615
cju85nr8elly209872w9n5m0s,241,402,288,457,529,615
cju85omszllp30850b6rm9mi3,271,485,0,227,531,622
cju85qefyln6v0850szeb9byi,176,570,129,529,529,570
cju85rkbnlo1c08503uxcpax1,205,475,242,531,531,622
cju87kbcen2av0987usezo8kn,487,536,82,155,530,591
cju87li0zn3yb0817kbwgjiz8,0,560,0,448,449,562
cju87mrypnb1e0818scv1mxxg,224,350,175,336,530,615
cju87nkyrnb970801q84m47yt,403,581,227,483,530,620
cju87ox0kncom0801b98hqnd2,205,371,63,254,546,626
cju87q6yoneim0871dl4phvkd,129,523,51,458,546,626
cju87r56lnkyp0755hz30leew,204,508,52,384,429,566
cju87tyddnnad0755bj0wxahe,94,547,56,411,477,551
cju87vqa0ndwg0850onjdz7ol,0,555,0,529,530,556
cju87xn2snfmv0987sc3d9xnq,43,351,184,530,530,604
cju87z6o6nh73085045bzsx6o,365,601,201,426,530,622
cju8828oxnool0801qno9luhr,304,580,106,426,528,622
cju884985nlmx0817vzpax3y4,447,510,173,235,529,581
cju885ikhnmkn09878s2lqtuh,180,370,105,322,530,570
cju886ryxnsl50801r93jai7q,220,435,146,425,530,622
cju887ftknop008177nnjt46y,287,382,116,286,528,619
cju888fr7nveu0818r9uwtiit,321,505,98,400,530,571
cju88aq6vo1ij0755c2ey7z7n,241,533,74,401,530,570
cju88cddensj00987788yotmg,304,445,205,385,531,622
cju88evxanv9r08176zkeovec,213,545,0,362,530,570
cju88fpm4o0tl0871w1i6a4ds,311,408,73,167,423,611
cju88gx09o2vk0818610zody3,361,550,171,367,547,626
cju88itqbny720987hxizbj5y,137,443,159,477,530,570
cju88k75inzyb0850ccv5x3vk,144,502,0,276,531,549
cju88msmoo3470817m441j4sg,358,605,92,398,530,615
cju88nroho44508500129f1nh,236,336,244,362,530,621
cju88oh0po9gq0801nge4tgr1,402,533,247,375,531,604
cju88q6h6obpd0871ckmiabbo,168,386,0,121,546,626
cju88rl5eo94l0850kf5wtrm1,133,480,71,445,530,590
cju88t4fvokxf07558ymyh281,194,327,271,424,530,570
cju88trl3ogi208716qvti51b,206,321,205,368,530,540
cju88v2f9oi8w0871hx9auh01,318,414,265,378,546,626
cju88vx2uoocy075531lc63n3,177,308,300,401,508,596
cju88y1mwoln50871emyfny1g,69,514,123,529,529,621
cju88z8bson4h0871nnd7fdxo,203,433,143,348,546,626
cju890guyoiti098753yg6cdu,265,486,151,405,547,626
cju8914beokbf0850isxpocrk,406,511,197,301,547,626
cju893jmdompz0817xn3g1w4h,155,415,87,373,547,626
cju89y9h0puti0818i5yw29e6,0,347,101,534,547,626
cju89z6pqpqfx0817mfv8ixjc,365,479,19,88,531,622
cju8a1jtvpt9m081712iwkca7,937,1348,97,880,1070,1348
cju8a2itsq4dv0755ntlovpxe,190,310,260,408,531,582
cju8a3nhbpwnb0850d37fo2na,248,428,71,228,528,622
cju8a56vxpy780850r45yu4wk,186,428,153,402,530,584
cju8a84g0q76m0818hwiggkod,124,541,8,468,529,554
cju8abobpqbir08189u01huru,201,469,376,547,547,626
cju8adb60qbiu080188mxpf8d,266,450,163,348,528,623
cju8aeei7q8k308173n9y4klv,110,270,329,514,528,606
cju8aj01yqeqm0850lhdz3xdw,291,604,216,512,531,622
cju8alhigqn2h0801zksudldd,199,565,46,402,528,614
cju8ando2qqdo0818ck7i1be1,353,506,130,364,530,570
cju8apjewqrk00801k5d71gky,264,449,225,514,530,451
cju8aqq8uqmoq0987hphto9gg,235,560,82,476,546,626
cju8arof2qpf20850ifr1bnqj,169,390,87,453,530,594
cju8ashhnquqr0801rwduzt7d,284,630,437,843,1011,1220
cju8at3s1qqqx0850hcq8nmnq,389,508,301,430,529,593
cju8auylgqx0z0871u4o4db7o,332,450,3,107,531,622
cju8aw9n1qyg10801jkjlmors,258,575,109,493,530,622
cju8axq24r4an0755yhv9d4ly,380,510,163,281,530,603
cju8ayeq7r1fb0818z1junacy,298,423,218,366,528,602
cju8azmhcr66e0755t61atz72,236,462,132,440,531,548
cju8b0jr0r2oi0801jiquetd5,390,537,285,464,528,621
cju8b1v3br45u087189kku66u,250,543,187,546,546,626
cju8b3ka8r64u0801fh18hk7l,59,170,263,409,546,626
cju8b4ja9r2s808509d45ma86,80,358,8,372,529,623
cju8b542nr81x0871uxnkm9ih,243,349,313,397,531,622
cju8b5p40r2c60987ofa0mu03,185,338,254,386,531,598
cju8b6rp0r5st0850184f79xt,309,625,82,507,546,626
cju8b7aqtr4a00987coba14b7,187,336,17,142,530,622
cju8b8yair65w09878pyqtr96,304,484,209,529,529,520
cju8bafgqrf4x0818twisk3ea,112,393,141,407,530,531
cju8bbznkrf5g0871jncffynk,108,416,149,529,531,619
cju8bff9nrfi10850fmfzbf8v,140,317,274,470,529,437
cju8bgdmqrksy0801tozdmraa,290,438,35,158,529,622
cju8bh8surexp0987o5pzklk1,169,465,122,421,506,577
cju8bi8q7rlmn0871abc5ch8k,321,498,84,242,531,622
cju8bk8oirjhw0817hgkua2w8,62,380,44,479,509,575
cju8bljw9rqk20801kr54akrl,140,479,52,436,529,621
cju8bm24yrrdp081829mbo8ic,284,449,220,442,546,626
cju8bn7m2rmm70817hgxpb1uq,221,597,130,462,547,626
cju8bop5jrsid08716i24fqda,325,510,172,347,531,622
cju8bpctzrqkr0850zeldv9kt,221,434,82,256,546,626
cju8bqxxurs6i0850mu7mtef9,359,589,97,343,528,600
cju8brv16rx7f0818uf5n89pv,403,518,277,381,529,622
cju8bssulrrcy0987h1vq5060,80,375,312,531,531,548
cju8buos5rz9b08715lfr0f4f,168,576,43,290,530,576
cju8bw697rwg308177tg8huas,120,551,7,508,531,581
cju8bysfgrzkl081786jwac09,201,484,179,405,471,619
cju8bzzy2s66m08016z6mouqt,394,562,144,320,529,622
cju8c2rqzs5t80850d0zky5dy,196,612,86,477,490,615
cju8c3xs7sauj0801ieyzezr5,67,365,72,402,546,626
cju8c5223s8j80850b4kealt4,262,454,0,326,529,619
cju8c5mxls96t0850wvkvsity,362,596,256,502,531,609
cju8c5zcbsdfz0801o5t6jag1,438,559,58,169,546,626
cju8c6hnxsdvr0801wn0vrsa6,327,419,202,261,531,617
cju8c82iosagu0817l74s4m5g,143,546,0,523,547,626
cju8c9akjsdjj0850s67uzlxq,215,410,152,392,518,570
cju8ca4geseia0850i2ru11hw,350,587,0,244,529,617
cju8cattbsivm0818p446wgel,76,517,66,528,531,621
cju8cbsyssiqj0871gr4jedjp,121,353,6,262,531,571
cju8cdeazsm8h0801jxifmzur,215,445,201,450,547,626
cju8ceacrsqkr0755hdz145es,139,284,65,173,492,566
cju8chdlqsu620755azjty1tj,289,474,107,342,530,622
cju8chxndsre008015uisl4si,289,414,83,194,444,605
cju8cj10qsrau0871o2dr6ai1,171,352,47,227,530,622
cju8clorgsuwn08714toqb7v6,58,271,211,469,531,570
cju8cwy02t9eq08185qn12c02,177,421,0,221,547,626
cju8czvnztbf40871b4m7t78w,117,401,207,472,546,626
cju8d2q30tfhs0801n7lx77xl,318,595,227,515,546,614
cju8d4jgatgpj0871q2ophhkm,341,573,126,405,531,622
cju8dic9mtppa0987swn23wbc,20,455,245,531,531,611
cju8djdqztu6408506pzhlo18,351,516,27,261,530,611
cju8dk7eztzup08182yxko5zh,179,356,97,238,528,623
cju8dm2cau2km0818jsv9eeq2,88,428,316,547,547,626
cju8dn0c3u2v50801k8rvq02f,166,957,263,1058,1070,1348
cju8dpa89u6l80818dj6lldh9,81,361,263,518,529,623
cju8dqkrqu83i0818ev74qpxq,0,1345,1,996,1070,1348
cjyzjzssvd8pq0838f4nolj5l,131,223,82,337,576,720
cjyzk8qieoboa0848ogj51wwm,51,620,21,531,576,720
cjyzkmjy8evns070165gf9dmq,166,377,134,387,576,720
cjyzkpsbjdsjq07211dfi4sru,280,458,103,188,576,720
cjyzl833ndne80838pzuq6ila,216,443,50,377,576,720
cjyzlw7f9faqr070129au64sq,212,429,98,343,576,720
cjyztzaqtrv430848l8xgcerw,248,647,179,504,576,720
cjyzu3reghjya0794w7pwoi50,344,614,75,365,576,720
cjyzu9th0qt4r0a46pyl4zik0,52,258,116,341,576,720
cjyzufihqquiw0a46jatrbwln,226,657,41,557,576,720
cjyzuio1qgh040763k56deohv,271,351,218,312,576,720
cjyzul1qggwwj07216mhiv5sy,667,1007,413,763,1072,1920
cjyzurzvohqnr0794es1itzek,326,553,145,487,576,720
cjz14qsk2wci60794un9ozwmw,205,430,198,487,576,720
ck2395w2mb4vu07480otsu6tw,348,592,273,553,576,720
ck2bxiswtxuw80838qkisqjwz,0,557,7,494,520,621
ck2bxknhjvs1x0794iogrq49k,380,568,135,387,528,603
ck2bxlujamu330725szlc2jdu,363,508,387,546,576,720
ck2bxpfgxu2mk0748gsh7xelu,388,614,260,496,531,621
ck2bxqz3evvg20794iiyv5v2m,181,406,157,388,576,720
ck2bxskgxxzfv08386xkqtqdy,296,423,0,198,530,585
ck2bxw18mmz1k0725litqq2mc,16,424,91,428,528,600
ck2da7fwcjfis07218r1rvm95,320,490,205,338,576,720
cju83k8fyjsxr0817d6nxs6r4,89,382,283,479,528,621
cju843yjskhq30818qre4rwm2,334,429,84,299,437,547
cju858eswlepn0871pzvdrhj1,275,570,216,530,530,570
cju85plp7lmkw0850rx42jdpf,293,596,0,473,530,596
cju87zv8lni0o0850hbbecbq6,297,388,306,380,528,622
cju88l66no10s0850rsda7ej1,0,570,0,529,530,571
cju892fesoq2g0801n0e0jyia,144,529,143,402,546,589
cju8amfdtqi4x09871tygrgqe,209,432,148,427,530,622
cju8b2rmgr52s0801p54eyflx,172,476,114,364,530,587
cju8bj2ssrmlm0871gc2ug2rs,274,311,184,222,449,469
cju8c1a0ws7o208181c6lbsom,138,624,0,341,546,625
cju8cgi2kspp308011nxdtjp6,373,487,242,357,530,619
cju8doa16u5gh0818w1ywda3q,0,621,0,528,529,622
